# 阶跃响应示例数据（列：时间(s), 输出）
# 生成脚本：scripts/make_sample_step.py
# 特征：0.3s 基线 + 噪声 σ=0.006 + 稳态静差(终值≈0.96)
t,y
0.0000,0.023820
0.0020,0.012647
0.0040,0.021397
0.0060,0.014592
0.0080,0.016482
0.0100,0.021668
0.0120,0.024832
0.0140,0.028319
0.0160,0.015187
0.0180,0.024857
0.0200,0.019898
0.0220,0.013235
0.0240,0.022064
0.0260,0.016724
0.0280,0.022270
0.0300,0.017474
0.0320,0.024458
0.0340,0.015211
0.0360,0.019724
0.0380,0.017246
0.0400,0.021439
0.0420,0.014576
0.0440,0.018693
0.0460,0.023551
0.0480,0.029050
0.0500,0.023564
0.0520,0.028790
0.0540,0.020853
0.0560,0.022474
0.0580,0.031474
0.0600,0.027840
0.0620,0.014842
0.0640,0.025551
0.0660,0.026447
0.0680,0.012464
0.0700,0.021861
0.0720,0.027460
0.0740,0.021511
0.0760,0.018694
0.0780,0.010547
0.0800,0.024093
0.0820,0.008564
0.0840,0.027384
0.0860,0.023294
0.0880,0.002260
0.0900,0.014495
0.0920,0.026750
0.0940,0.023054
0.0960,0.011018
0.0980,0.016530
0.1000,0.023923
0.1020,0.008570
0.1040,0.011304
0.1060,0.022159
0.1080,0.018036
0.1100,0.012335
0.1120,0.020506
0.1140,0.020676
0.1160,0.023277
0.1180,0.026446
0.1200,0.009354
0.1220,0.011634
0.1240,0.024281
0.1260,0.018941
0.1280,0.020793
0.1300,0.022135
0.1320,0.021333
0.1340,0.018709
0.1360,0.019045
0.1380,0.027171
0.1400,0.024021
0.1420,0.029256
0.1440,0.020559
0.1460,0.020665
0.1480,0.025805
0.1500,0.027427
0.1520,0.017330
0.1540,0.027703
0.1560,0.018607
0.1580,0.006523
0.1600,0.002649
0.1620,0.022444
0.1640,0.018442
0.1660,0.010232
0.1680,0.021923
0.1700,0.016194
0.1720,0.018085
0.1740,0.010001
0.1760,0.011963
0.1780,0.013855
0.1800,0.013185
0.1820,0.015968
0.1840,0.007569
0.1860,0.024718
0.1880,0.028057
0.1900,0.024122
0.1920,0.025023
0.1940,0.013569
0.1960,0.006175
0.1980,0.022117
0.2000,0.029960
0.2020,0.022133
0.2040,0.037222
0.2060,0.026378
0.2080,0.023168
0.2100,0.018823
0.2120,0.015130
0.2140,0.009763
0.2160,0.024387
0.2180,0.015640
0.2200,0.023987
0.2220,0.024133
0.2240,0.023881
0.2260,0.017372
0.2280,0.027840
0.2300,0.025712
0.2320,0.020125
0.2340,0.023319
0.2360,0.017593
0.2380,0.022703
0.2400,0.024490
0.2420,0.022786
0.2440,0.020472
0.2460,0.018522
0.2480,0.034707
0.2500,0.020516
0.2520,0.027477
0.2540,0.017260
0.2560,0.020442
0.2580,0.018827
0.2600,0.003237
0.2620,0.024135
0.2640,0.029425
0.2660,0.011882
0.2680,0.018434
0.2700,0.025843
0.2720,0.022675
0.2740,0.023741
0.2760,0.018740
0.2780,0.023002
0.2800,0.014664
0.2820,0.022470
0.2840,0.019319
0.2860,0.005081
0.2880,0.021519
0.2900,0.017271
0.2920,0.014450
0.2940,0.014404
0.2960,0.013137
0.2980,0.018001
0.3000,0.015841
0.3020,0.021896
0.3040,0.028410
0.3060,0.017057
0.3080,0.024636
0.3100,0.015294
0.3120,0.024738
0.3140,0.025930
0.3160,0.023067
0.3180,0.017442
0.3200,0.031969
0.3220,0.033677
0.3240,0.038045
0.3260,0.037256
0.3280,0.023220
0.3300,0.031475
0.3320,0.031157
0.3340,0.037580
0.3360,0.043389
0.3380,0.042231
0.3400,0.045956
0.3420,0.048892
0.3440,0.048225
0.3460,0.047924
0.3480,0.060913
0.3500,0.057660
0.3520,0.057992
0.3540,0.061712
0.3560,0.072679
0.3580,0.060407
0.3600,0.075568
0.3620,0.075919
0.3640,0.063919
0.3660,0.085378
0.3680,0.089142
0.3700,0.088192
0.3720,0.096454
0.3740,0.097570
0.3760,0.106261
0.3780,0.114690
0.3800,0.108967
0.3820,0.116293
0.3840,0.129935
0.3860,0.122416
0.3880,0.124959
0.3900,0.132767
0.3920,0.145719
0.3940,0.146172
0.3960,0.144848
0.3980,0.164438
0.4000,0.164313
0.4020,0.165489
0.4040,0.173563
0.4060,0.184772
0.4080,0.188195
0.4100,0.181028
0.4120,0.196585
0.4140,0.196915
0.4160,0.206359
0.4180,0.209590
0.4200,0.222979
0.4220,0.224421
0.4240,0.231445
0.4260,0.233180
0.4280,0.250289
0.4300,0.253186
0.4320,0.248792
0.4340,0.256113
0.4360,0.272744
0.4380,0.277766
0.4400,0.278724
0.4420,0.281118
0.4440,0.294441
0.4460,0.302158
0.4480,0.300499
0.4500,0.308724
0.4520,0.318866
0.4540,0.324830
0.4560,0.324832
0.4580,0.336363
0.4600,0.341981
0.4620,0.343156
0.4640,0.363997
0.4660,0.372764
0.4680,0.370346
0.4700,0.369847
0.4720,0.382033
0.4740,0.383928
0.4760,0.393590
0.4780,0.413738
0.4800,0.418238
0.4820,0.424721
0.4840,0.433797
0.4860,0.433387
0.4880,0.446421
0.4900,0.442881
0.4920,0.454377
0.4940,0.463371
0.4960,0.471531
0.4980,0.480596
0.5000,0.491330
0.5020,0.489089
0.5040,0.505668
0.5060,0.500227
0.5080,0.522655
0.5100,0.512373
0.5120,0.535621
0.5140,0.534136
0.5160,0.544927
0.5180,0.553021
0.5200,0.552859
0.5220,0.558220
0.5240,0.572368
0.5260,0.566958
0.5280,0.581007
0.5300,0.592839
0.5320,0.598586
0.5340,0.603408
0.5360,0.603819
0.5380,0.629487
0.5400,0.635659
0.5420,0.621386
0.5440,0.636701
0.5460,0.646403
0.5480,0.651954
0.5500,0.667129
0.5520,0.674059
0.5540,0.678998
0.5560,0.673791
0.5580,0.692274
0.5600,0.696651
0.5620,0.701756
0.5640,0.714162
0.5660,0.726682
0.5680,0.724919
0.5700,0.731478
0.5720,0.743706
0.5740,0.741723
0.5760,0.756090
0.5780,0.759478
0.5800,0.761022
0.5820,0.775869
0.5840,0.779257
0.5860,0.791090
0.5880,0.795072
0.5900,0.802268
0.5920,0.803961
0.5940,0.804323
0.5960,0.818381
0.5980,0.827131
0.6000,0.817505
0.6020,0.847951
0.6040,0.852363
0.6060,0.838820
0.6080,0.857703
0.6100,0.869374
0.6120,0.874930
0.6140,0.878332
0.6160,0.891600
0.6180,0.886938
0.6200,0.879293
0.6220,0.897866
0.6240,0.910385
0.6260,0.914498
0.6280,0.918562
0.6300,0.925723
0.6320,0.917202
0.6340,0.940147
0.6360,0.942659
0.6380,0.948786
0.6400,0.942894
0.6420,0.957336
0.6440,0.961784
0.6460,0.955432
0.6480,0.983415
0.6500,0.982659
0.6520,0.978203
0.6540,0.986290
0.6560,1.004084
0.6580,1.003006
0.6600,0.996586
0.6620,1.010943
0.6640,1.012009
0.6660,1.025201
0.6680,1.015435
0.6700,1.031765
0.6720,1.037325
0.6740,1.043079
0.6760,1.040610
0.6780,1.052113
0.6800,1.055405
0.6820,1.052806
0.6840,1.054423
0.6860,1.063712
0.6880,1.072989
0.6900,1.079318
0.6920,1.074997
0.6940,1.084237
0.6960,1.091508
0.6980,1.087070
0.7000,1.097688
0.7020,1.093668
0.7040,1.101283
0.7060,1.105454
0.7080,1.112100
0.7100,1.105852
0.7120,1.111322
0.7140,1.131886
0.7160,1.130949
0.7180,1.123822
0.7200,1.134134
0.7220,1.129512
0.7240,1.131959
0.7260,1.144423
0.7280,1.139059
0.7300,1.147964
0.7320,1.159409
0.7340,1.150419
0.7360,1.160809
0.7380,1.172030
0.7400,1.166768
0.7420,1.169326
0.7440,1.178472
0.7460,1.171727
0.7480,1.193679
0.7500,1.189813
0.7520,1.178626
0.7540,1.181967
0.7560,1.189284
0.7580,1.196669
0.7600,1.190606
0.7620,1.201573
0.7640,1.201422
0.7660,1.203399
0.7680,1.202510
0.7700,1.203850
0.7720,1.203039
0.7740,1.199531
0.7760,1.215921
0.7780,1.208193
0.7800,1.212675
0.7820,1.216562
0.7840,1.212071
0.7860,1.208851
0.7880,1.217009
0.7900,1.218931
0.7920,1.230363
0.7940,1.224418
0.7960,1.226254
0.7980,1.242014
0.8000,1.228156
0.8020,1.230766
0.8040,1.232994
0.8060,1.231152
0.8080,1.244968
0.8100,1.231567
0.8120,1.229109
0.8140,1.235349
0.8160,1.243334
0.8180,1.236235
0.8200,1.244996
0.8220,1.245058
0.8240,1.254598
0.8260,1.239085
0.8280,1.243397
0.8300,1.249700
0.8320,1.247784
0.8340,1.237337
0.8360,1.240989
0.8380,1.254630
0.8400,1.246532
0.8420,1.251379
0.8440,1.248358
0.8460,1.255105
0.8480,1.246480
0.8500,1.254246
0.8520,1.258140
0.8540,1.249182
0.8560,1.252864
0.8580,1.258911
0.8600,1.245600
0.8620,1.244910
0.8640,1.251512
0.8660,1.241314
0.8680,1.252635
0.8700,1.250942
0.8720,1.248080
0.8740,1.253189
0.8760,1.252515
0.8780,1.255313
0.8800,1.243588
0.8820,1.257273
0.8840,1.244968
0.8860,1.242212
0.8880,1.244136
0.8900,1.246261
0.8920,1.241672
0.8940,1.253159
0.8960,1.242415
0.8980,1.241900
0.9000,1.251240
0.9020,1.248529
0.9040,1.245218
0.9060,1.241072
0.9080,1.241316
0.9100,1.240833
0.9120,1.244877
0.9140,1.239938
0.9160,1.228421
0.9180,1.228674
0.9200,1.230613
0.9220,1.232278
0.9240,1.230208
0.9260,1.226013
0.9280,1.223736
0.9300,1.226382
0.9320,1.222259
0.9340,1.232937
0.9360,1.218232
0.9380,1.226829
0.9400,1.231912
0.9420,1.223415
0.9440,1.221104
0.9460,1.209553
0.9480,1.211589
0.9500,1.207716
0.9520,1.196363
0.9540,1.211947
0.9560,1.209792
0.9580,1.214846
0.9600,1.195298
0.9620,1.199888
0.9640,1.208002
0.9660,1.205779
0.9680,1.197933
0.9700,1.188884
0.9720,1.183720
0.9740,1.186777
0.9760,1.191247
0.9780,1.191912
0.9800,1.186887
0.9820,1.188665
0.9840,1.185314
0.9860,1.188040
0.9880,1.187738
0.9900,1.172431
0.9920,1.169110
0.9940,1.177776
0.9960,1.182298
0.9980,1.173302
1.0000,1.179055
1.0020,1.174091
1.0040,1.172257
1.0060,1.156328
1.0080,1.161299
1.0100,1.153928
1.0120,1.160658
1.0140,1.152889
1.0160,1.155744
1.0180,1.152271
1.0200,1.155225
1.0220,1.141152
1.0240,1.151259
1.0260,1.137809
1.0280,1.134599
1.0300,1.135519
1.0320,1.133855
1.0340,1.144422
1.0360,1.135416
1.0380,1.130131
1.0400,1.118054
1.0420,1.130281
1.0440,1.122117
1.0460,1.120291
1.0480,1.118974
1.0500,1.114288
1.0520,1.115324
1.0540,1.121505
1.0560,1.101048
1.0580,1.100356
1.0600,1.090010
1.0620,1.108771
1.0640,1.098234
1.0660,1.103745
1.0680,1.100048
1.0700,1.093776
1.0720,1.095559
1.0740,1.093378
1.0760,1.087380
1.0780,1.083450
1.0800,1.090835
1.0820,1.082529
1.0840,1.070965
1.0860,1.072174
1.0880,1.076056
1.0900,1.073898
1.0920,1.075411
1.0940,1.075951
1.0960,1.070525
1.0980,1.060364
1.1000,1.060917
1.1020,1.059395
1.1040,1.050555
1.1060,1.061765
1.1080,1.055646
1.1100,1.054625
1.1120,1.040155
1.1140,1.041367
1.1160,1.051276
1.1180,1.040948
1.1200,1.044185
1.1220,1.028280
1.1240,1.033533
1.1260,1.048918
1.1280,1.034360
1.1300,1.029753
1.1320,1.020593
1.1340,1.037981
1.1360,1.021408
1.1380,1.024485
1.1400,1.031423
1.1420,1.022035
1.1440,1.022178
1.1460,1.010452
1.1480,1.012536
1.1500,1.004808
1.1520,0.986286
1.1540,1.008994
1.1560,0.995513
1.1580,0.996258
1.1600,1.002754
1.1620,1.003450
1.1640,0.994020
1.1660,0.993001
1.1680,0.989898
1.1700,0.988019
1.1720,0.982339
1.1740,0.974674
1.1760,0.981725
1.1780,0.981881
1.1800,0.974323
1.1820,0.989543
1.1840,0.962708
1.1860,0.990735
1.1880,0.967131
1.1900,0.971623
1.1920,0.959229
1.1940,0.953204
1.1960,0.964306
1.1980,0.960328
1.2000,0.954385
1.2020,0.958826
1.2040,0.949018
1.2060,0.956753
1.2080,0.951931
1.2100,0.954048
1.2120,0.950540
1.2140,0.955159
1.2160,0.948705
1.2180,0.937051
1.2200,0.960196
1.2220,0.944664
1.2240,0.938450
1.2260,0.948546
1.2280,0.939750
1.2300,0.930313
1.2320,0.928049
1.2340,0.936860
1.2360,0.944821
1.2380,0.931904
1.2400,0.925648
1.2420,0.928337
1.2440,0.924448
1.2460,0.925275
1.2480,0.921959
1.2500,0.928513
1.2520,0.913983
1.2540,0.913457
1.2560,0.925642
1.2580,0.920940
1.2600,0.917826
1.2620,0.922735
1.2640,0.916096
1.2660,0.909069
1.2680,0.911682
1.2700,0.908810
1.2720,0.901000
1.2740,0.908807
1.2760,0.915931
1.2780,0.889697
1.2800,0.911693
1.2820,0.907523
1.2840,0.904072
1.2860,0.902980
1.2880,0.899753
1.2900,0.903459
1.2920,0.897435
1.2940,0.905642
1.2960,0.892320
1.2980,0.901419
1.3000,0.898030
1.3020,0.894937
1.3040,0.890440
1.3060,0.901015
1.3080,0.886388
1.3100,0.881918
1.3120,0.883491
1.3140,0.893334
1.3160,0.893329
1.3180,0.881316
1.3200,0.892730
1.3220,0.889625
1.3240,0.891016
1.3260,0.886384
1.3280,0.884620
1.3300,0.885609
1.3320,0.877194
1.3340,0.879961
1.3360,0.886017
1.3380,0.886689
1.3400,0.879343
1.3420,0.880080
1.3440,0.878920
1.3460,0.893043
1.3480,0.880057
1.3500,0.879374
1.3520,0.873835
1.3540,0.873082
1.3560,0.870145
1.3580,0.856815
1.3600,0.883472
1.3620,0.874754
1.3640,0.878193
1.3660,0.874031
1.3680,0.874353
1.3700,0.875557
1.3720,0.878219
1.3740,0.880354
1.3760,0.871613
1.3780,0.873559
1.3800,0.871490
1.3820,0.870702
1.3840,0.877997
1.3860,0.863353
1.3880,0.872314
1.3900,0.883451
1.3920,0.876151
1.3940,0.866393
1.3960,0.870416
1.3980,0.871392
1.4000,0.865406
1.4020,0.864053
1.4040,0.865498
1.4060,0.864737
1.4080,0.868562
1.4100,0.874225
1.4120,0.866460
1.4140,0.870427
1.4160,0.857006
1.4180,0.872933
1.4200,0.862474
1.4220,0.870696
1.4240,0.866055
1.4260,0.870605
1.4280,0.874700
1.4300,0.867985
1.4320,0.871532
1.4340,0.879219
1.4360,0.867790
1.4380,0.863621
1.4400,0.870692
1.4420,0.866720
1.4440,0.873575
1.4460,0.868687
1.4480,0.877805
1.4500,0.878437
1.4520,0.871774
1.4540,0.882562
1.4560,0.884390
1.4580,0.878222
1.4600,0.861458
1.4620,0.869726
1.4640,0.876895
1.4660,0.869097
1.4680,0.865793
1.4700,0.873378
1.4720,0.870166
1.4740,0.877792
1.4760,0.875799
1.4780,0.881221
1.4800,0.873995
1.4820,0.877236
1.4840,0.873775
1.4860,0.869066
1.4880,0.879936
1.4900,0.879421
1.4920,0.881911
1.4940,0.878410
1.4960,0.883605
1.4980,0.879562
1.5000,0.884669
1.5020,0.881949
1.5040,0.881783
1.5060,0.866054
1.5080,0.877064
1.5100,0.872503
1.5120,0.879474
1.5140,0.883633
1.5160,0.878846
1.5180,0.883654
1.5200,0.875452
1.5220,0.896600
1.5240,0.885827
1.5260,0.894507
1.5280,0.893345
1.5300,0.878664
1.5320,0.881462
1.5340,0.885705
1.5360,0.893771
1.5380,0.883438
1.5400,0.903252
1.5420,0.893056
1.5440,0.889324
1.5460,0.894041
1.5480,0.901992
1.5500,0.897268
1.5520,0.894218
1.5540,0.888051
1.5560,0.902674
1.5580,0.891885
1.5600,0.897273
1.5620,0.884593
1.5640,0.891084
1.5660,0.890256
1.5680,0.896254
1.5700,0.899240
1.5720,0.908409
1.5740,0.906831
1.5760,0.904997
1.5780,0.885894
1.5800,0.907143
1.5820,0.902706
1.5840,0.905615
1.5860,0.913308
1.5880,0.911670
1.5900,0.900282
1.5920,0.917443
1.5940,0.891475
1.5960,0.904087
1.5980,0.900592
1.6000,0.909043
1.6020,0.915652
1.6040,0.906126
1.6060,0.914553
1.6080,0.910918
1.6100,0.900867
1.6120,0.911345
1.6140,0.914786
1.6160,0.923900
1.6180,0.911118
1.6200,0.910281
1.6220,0.913350
1.6240,0.921050
1.6260,0.913976
1.6280,0.923478
1.6300,0.922930
1.6320,0.912175
1.6340,0.924684
1.6360,0.917110
1.6380,0.925041
1.6400,0.917149
1.6420,0.926121
1.6440,0.927003
1.6460,0.915045
1.6480,0.916453
1.6500,0.924887
1.6520,0.927137
1.6540,0.925634
1.6560,0.923988
1.6580,0.930308
1.6600,0.934397
1.6620,0.945008
1.6640,0.933649
1.6660,0.923510
1.6680,0.925329
1.6700,0.926299
1.6720,0.937610
1.6740,0.927895
1.6760,0.939577
1.6780,0.929622
1.6800,0.940885
1.6820,0.932991
1.6840,0.934142
1.6860,0.936039
1.6880,0.952651
1.6900,0.937417
1.6920,0.940566
1.6940,0.936556
1.6960,0.948713
1.6980,0.936628
1.7000,0.943422
1.7020,0.936201
1.7040,0.939828
1.7060,0.948735
1.7080,0.958487
1.7100,0.940150
1.7120,0.950879
1.7140,0.947468
1.7160,0.949770
1.7180,0.964348
1.7200,0.955653
1.7220,0.944460
1.7240,0.936877
1.7260,0.950295
1.7280,0.948794
1.7300,0.962344
1.7320,0.953008
1.7340,0.948369
1.7360,0.948128
1.7380,0.939828
1.7400,0.963613
1.7420,0.957376
1.7440,0.955532
1.7460,0.963050
1.7480,0.953740
1.7500,0.944872
1.7520,0.960224
1.7540,0.956793
1.7560,0.959772
1.7580,0.954591
1.7600,0.963023
1.7620,0.963486
1.7640,0.958509
1.7660,0.952489
1.7680,0.976348
1.7700,0.958357
1.7720,0.970129
1.7740,0.972338
1.7760,0.959663
1.7780,0.961994
1.7800,0.956279
1.7820,0.969340
1.7840,0.961154
1.7860,0.959939
1.7880,0.970850
1.7900,0.955342
1.7920,0.968006
1.7940,0.962503
1.7960,0.966873
1.7980,0.967164
1.8000,0.973115
1.8020,0.974256
1.8040,0.963229
1.8060,0.970701
1.8080,0.970705
1.8100,0.977200
1.8120,0.970093
1.8140,0.962794
1.8160,0.971299
1.8180,0.973226
1.8200,0.963400
1.8220,0.969932
1.8240,0.975672
1.8260,0.969502
1.8280,0.965605
1.8300,0.970642
1.8320,0.975458
1.8340,0.970761
1.8360,0.981370
1.8380,0.983203
1.8400,0.969696
1.8420,0.980312
1.8440,0.972205
1.8460,0.967031
1.8480,0.972803
1.8500,0.970670
1.8520,0.979572
1.8540,0.976965
1.8560,0.974040
1.8580,0.979599
1.8600,0.980706
1.8620,0.995199
1.8640,0.984700
1.8660,0.981627
1.8680,0.984252
1.8700,0.983024
1.8720,0.983471
1.8740,0.986765
1.8760,0.982170
1.8780,0.986813
1.8800,0.980353
1.8820,0.987871
1.8840,0.989075
1.8860,0.972059
1.8880,0.988393
1.8900,0.987619
1.8920,0.997679
1.8940,0.988863
1.8960,0.984775
1.8980,0.984626
1.9000,0.989404
1.9020,0.997615
1.9040,0.987564
1.9060,0.999410
1.9080,0.984079
1.9100,0.974463
1.9120,0.992237
1.9140,0.987450
1.9160,0.988031
1.9180,0.981258
1.9200,0.987979
1.9220,0.981959
1.9240,0.986914
1.9260,0.980649
1.9280,0.993261
1.9300,1.000389
1.9320,0.974089
1.9340,0.981745
1.9360,0.996789
1.9380,0.983000
1.9400,0.975645
1.9420,0.998386
1.9440,0.990671
1.9460,0.987662
1.9480,0.992182
1.9500,0.990427
1.9520,0.981745
1.9540,0.982553
1.9560,0.989453
1.9580,0.993731
1.9600,0.986477
1.9620,0.981211
1.9640,0.981423
1.9660,0.994155
1.9680,0.984641
1.9700,0.988979
1.9720,0.985135
1.9740,0.985222
1.9760,0.989417
1.9780,0.987496
1.9800,0.980332
1.9820,0.978657
1.9840,0.998864
1.9860,0.991220
1.9880,0.986524
1.9900,0.983700
1.9920,0.992446
1.9940,0.985139
1.9960,0.981688
1.9980,1.000692
2.0000,0.983660
2.0020,0.993260
2.0040,0.984465
2.0060,0.983150
2.0080,0.980731
2.0100,1.001264
2.0120,0.980601
2.0140,0.981088
2.0160,0.983130
2.0180,0.994863
2.0200,0.988304
2.0220,0.980368
2.0240,0.993586
2.0260,0.981763
2.0280,0.986089
2.0300,0.990416
2.0320,0.989739
2.0340,0.983149
2.0360,0.977833
2.0380,0.978835
2.0400,0.981923
2.0420,0.985697
2.0440,0.977696
2.0460,0.990042
2.0480,0.976241
2.0500,0.991761
2.0520,0.977683
2.0540,0.993385
2.0560,0.978808
2.0580,0.987057
2.0600,0.983747
2.0620,0.986857
2.0640,0.967470
2.0660,0.991876
2.0680,0.991932
2.0700,0.979955
2.0720,0.978426
2.0740,0.982040
2.0760,0.979938
2.0780,0.988139
2.0800,0.983234
2.0820,1.002236
2.0840,0.984937
2.0860,0.983331
2.0880,0.976080
2.0900,0.985327
2.0920,0.977058
2.0940,0.980553
2.0960,0.981171
2.0980,0.984106
2.1000,0.995340
2.1020,0.979725
2.1040,0.981483
2.1060,0.982468
2.1080,0.978815
2.1100,0.982230
2.1120,0.980813
2.1140,0.980368
2.1160,0.981608
2.1180,0.983537
2.1200,0.977953
2.1220,0.973191
2.1240,0.972285
2.1260,0.980797
2.1280,0.975092
2.1300,0.975998
2.1320,0.982680
2.1340,0.978497
2.1360,0.983805
2.1380,0.981137
2.1400,0.980973
2.1420,0.964672
2.1440,0.972345
2.1460,0.977687
2.1480,0.986625
2.1500,0.978371
2.1520,0.967374
2.1540,0.972343
2.1560,0.979613
2.1580,0.988230
2.1600,0.972833
2.1620,0.987199
2.1640,0.966264
2.1660,0.979425
2.1680,0.976328
2.1700,0.973730
2.1720,0.980160
2.1740,0.988578
2.1760,0.972229
2.1780,0.984826
2.1800,0.976277
2.1820,0.971873
2.1840,0.983379
2.1860,0.978624
2.1880,0.969222
2.1900,0.971733
2.1920,0.982207
2.1940,0.967398
2.1960,0.971480
2.1980,0.970133
2.2000,0.974039
2.2020,0.979292
2.2040,0.967367
2.2060,0.974565
2.2080,0.968229
2.2100,0.959986
2.2120,0.979072
2.2140,0.962163
2.2160,0.963187
2.2180,0.971827
2.2200,0.975108
2.2220,0.967897
2.2240,0.968929
2.2260,0.962619
2.2280,0.977207
2.2300,0.966087
2.2320,0.979072
2.2340,0.959075
2.2360,0.967586
2.2380,0.969608
2.2400,0.974045
2.2420,0.954420
2.2440,0.957335
2.2460,0.969120
2.2480,0.968842
2.2500,0.962521
2.2520,0.975905
2.2540,0.961301
2.2560,0.955258
2.2580,0.960706
2.2600,0.963148
2.2620,0.963444
2.2640,0.959181
2.2660,0.966760
2.2680,0.962265
2.2700,0.970195
2.2720,0.966757
2.2740,0.964785
2.2760,0.962531
2.2780,0.960418
2.2800,0.967630
2.2820,0.962765
2.2840,0.966716
2.2860,0.966513
2.2880,0.960623
2.2900,0.958453
2.2920,0.951360
2.2940,0.953797
2.2960,0.959156
2.2980,0.965381
2.3000,0.964661
2.3020,0.964047
2.3040,0.964085
2.3060,0.967557
2.3080,0.973378
2.3100,0.963914
2.3120,0.960690
2.3140,0.950557
2.3160,0.965382
2.3180,0.962148
2.3200,0.964272
2.3220,0.954860
2.3240,0.957798
2.3260,0.965107
2.3280,0.968661
2.3300,0.954428
2.3320,0.958198
2.3340,0.954926
2.3360,0.953100
2.3380,0.953589
2.3400,0.957094
2.3420,0.948830
2.3440,0.954413
2.3460,0.955608
2.3480,0.967494
2.3500,0.966862
2.3520,0.941896
2.3540,0.950997
2.3560,0.964998
2.3580,0.963463
2.3600,0.954770
2.3620,0.961059
2.3640,0.958464
2.3660,0.950056
2.3680,0.960892
2.3700,0.946010
2.3720,0.964772
2.3740,0.959300
2.3760,0.952479
2.3780,0.970517
2.3800,0.959464
2.3820,0.953632
2.3840,0.955157
2.3860,0.952527
2.3880,0.964607
2.3900,0.955293
2.3920,0.961987
2.3940,0.956676
2.3960,0.950141
2.3980,0.957878
2.4000,0.946393
2.4020,0.955406
2.4040,0.943939
2.4060,0.945466
2.4080,0.949172
2.4100,0.953943
2.4120,0.952853
2.4140,0.952389
2.4160,0.952727
2.4180,0.956024
2.4200,0.949445
2.4220,0.955431
2.4240,0.956368
2.4260,0.948898
2.4280,0.952542
2.4300,0.954583
2.4320,0.961119
2.4340,0.949375
2.4360,0.961871
2.4380,0.956808
2.4400,0.957690
2.4420,0.958665
2.4440,0.958740
2.4460,0.958493
2.4480,0.944043
2.4500,0.965593
2.4520,0.956169
2.4540,0.948091
2.4560,0.957622
2.4580,0.951865
2.4600,0.951232
2.4620,0.957166
2.4640,0.957316
2.4660,0.946606
2.4680,0.963699
2.4700,0.953743
2.4720,0.957899
2.4740,0.950698
2.4760,0.953492
2.4780,0.946364
2.4800,0.951114
2.4820,0.946546
2.4840,0.949401
2.4860,0.951496
2.4880,0.954996
2.4900,0.950976
2.4920,0.949228
2.4940,0.954301
2.4960,0.948299
2.4980,0.961817
2.5000,0.952980
2.5020,0.953103
2.5040,0.948868
2.5060,0.951466
2.5080,0.958109
2.5100,0.955107
2.5120,0.942949
2.5140,0.950056
2.5160,0.940590
2.5180,0.952848
2.5200,0.948344
2.5220,0.959813
2.5240,0.950099
2.5260,0.955194
2.5280,0.948716
2.5300,0.955944
2.5320,0.949028
2.5340,0.952536
2.5360,0.952684
2.5380,0.953854
2.5400,0.952002
2.5420,0.957594
2.5440,0.955873
2.5460,0.956050
2.5480,0.948741
2.5500,0.943620
2.5520,0.961330
2.5540,0.958775
2.5560,0.951334
2.5580,0.956462
2.5600,0.933136
2.5620,0.950043
2.5640,0.942019
2.5660,0.955488
2.5680,0.955844
2.5700,0.953539
2.5720,0.957386
2.5740,0.949998
2.5760,0.940980
2.5780,0.953557
2.5800,0.953418
2.5820,0.952583
2.5840,0.945460
2.5860,0.952286
2.5880,0.953047
2.5900,0.950084
2.5920,0.946687
2.5940,0.956928
2.5960,0.950776
2.5980,0.952864
2.6000,0.955669
2.6020,0.958511
2.6040,0.945426
2.6060,0.956743
2.6080,0.955923
2.6100,0.956436
2.6120,0.964668
2.6140,0.956397
2.6160,0.949469
2.6180,0.966559
2.6200,0.944395
2.6220,0.959881
2.6240,0.957879
2.6260,0.954637
2.6280,0.953682
2.6300,0.951930
2.6320,0.957763
2.6340,0.957110
2.6360,0.953130
2.6380,0.955576
2.6400,0.951138
2.6420,0.942433
2.6440,0.963069
2.6460,0.956856
2.6480,0.958741
2.6500,0.953199
2.6520,0.958707
2.6540,0.957575
2.6560,0.961122
2.6580,0.951427
2.6600,0.952261
2.6620,0.952940
2.6640,0.953883
2.6660,0.939977
2.6680,0.959372
2.6700,0.954633
2.6720,0.949450
2.6740,0.961720
2.6760,0.953806
2.6780,0.956383
2.6800,0.956059
2.6820,0.956221
2.6840,0.951434
2.6860,0.948674
2.6880,0.953935
2.6900,0.966539
2.6920,0.954710
2.6940,0.956454
2.6960,0.955925
2.6980,0.953430
2.7000,0.965391
2.7020,0.949530
2.7040,0.943069
2.7060,0.953959
2.7080,0.950881
2.7100,0.945395
2.7120,0.967423
2.7140,0.959704
2.7160,0.943687
2.7180,0.955164
2.7200,0.955776
2.7220,0.943949
2.7240,0.958924
2.7260,0.961668
2.7280,0.963601
2.7300,0.950585
2.7320,0.960543
2.7340,0.948935
2.7360,0.944857
2.7380,0.955104
2.7400,0.954615
2.7420,0.958005
2.7440,0.958446
2.7460,0.957549
2.7480,0.957303
2.7500,0.966717
2.7520,0.968791
2.7540,0.958601
2.7560,0.955924
2.7580,0.964074
2.7600,0.950850
2.7620,0.950311
2.7640,0.959772
2.7660,0.952761
2.7680,0.955131
2.7700,0.962425
2.7720,0.959863
2.7740,0.967916
2.7760,0.951407
2.7780,0.962301
2.7800,0.961926
2.7820,0.949745
2.7840,0.958304
2.7860,0.950321
2.7880,0.954680
2.7900,0.950188
2.7920,0.962196
2.7940,0.969231
2.7960,0.957222
2.7980,0.963839
2.8000,0.955037
2.8020,0.956591
2.8040,0.958970
2.8060,0.948096
2.8080,0.963667
2.8100,0.955786
2.8120,0.954310
2.8140,0.956202
2.8160,0.969088
2.8180,0.956981
2.8200,0.959092
2.8220,0.957995
2.8240,0.966105
2.8260,0.954104
2.8280,0.963398
2.8300,0.966774
2.8320,0.964687
2.8340,0.959842
2.8360,0.958423
2.8380,0.954920
2.8400,0.954475
2.8420,0.954953
2.8440,0.959782
2.8460,0.962303
2.8480,0.954878
2.8500,0.946697
2.8520,0.958717
2.8540,0.963099
2.8560,0.962975
2.8580,0.971029
2.8600,0.948858
2.8620,0.948417
2.8640,0.965663
2.8660,0.949125
2.8680,0.953424
2.8700,0.955330
2.8720,0.959291
2.8740,0.963534
2.8760,0.954288
2.8780,0.951181
2.8800,0.957268
2.8820,0.950727
2.8840,0.963740
2.8860,0.953189
2.8880,0.957955
2.8900,0.953161
2.8920,0.964415
2.8940,0.953101
2.8960,0.951911
2.8980,0.974710
2.9000,0.962185
2.9020,0.974275
2.9040,0.959525
2.9060,0.970700
2.9080,0.966373
2.9100,0.956501
2.9120,0.956589
2.9140,0.956585
2.9160,0.950501
2.9180,0.964027
2.9200,0.950764
2.9220,0.969880
2.9240,0.958526
2.9260,0.954133
2.9280,0.951622
2.9300,0.957373
2.9320,0.970104
2.9340,0.955681
2.9360,0.962683
2.9380,0.966295
2.9400,0.956308
2.9420,0.966927
2.9440,0.965932
2.9460,0.960997
2.9480,0.951110
2.9500,0.957361
2.9520,0.962884
2.9540,0.960289
2.9560,0.959577
2.9580,0.968100
2.9600,0.955452
2.9620,0.957541
2.9640,0.954690
2.9660,0.960741
2.9680,0.953726
2.9700,0.963463
2.9720,0.977145
2.9740,0.960668
2.9760,0.949084
2.9780,0.963010
2.9800,0.957433
2.9820,0.962619
2.9840,0.964471
2.9860,0.953139
2.9880,0.963576
2.9900,0.977418
2.9920,0.959166
2.9940,0.962851
2.9960,0.966041
2.9980,0.960039
3.0000,0.966977
3.0020,0.954457
3.0040,0.958480
3.0060,0.963781
3.0080,0.963236
3.0100,0.960247
3.0120,0.976923
3.0140,0.968109
3.0160,0.959312
3.0180,0.942948
3.0200,0.974392
3.0220,0.976577
3.0240,0.958355
3.0260,0.970054
3.0280,0.974027
3.0300,0.961580
3.0320,0.957811
3.0340,0.965012
3.0360,0.970811
3.0380,0.950432
3.0400,0.970381
3.0420,0.960192
3.0440,0.971044
3.0460,0.965025
3.0480,0.955203
3.0500,0.976073
3.0520,0.953933
3.0540,0.970795
3.0560,0.960280
3.0580,0.973148
3.0600,0.945647
3.0620,0.962663
3.0640,0.958315
3.0660,0.955145
3.0680,0.967288
3.0700,0.957012
3.0720,0.963168
3.0740,0.961654
3.0760,0.973262
3.0780,0.959545
3.0800,0.962929
3.0820,0.956250
3.0840,0.964504
3.0860,0.967429
3.0880,0.980379
3.0900,0.980157
3.0920,0.968471
3.0940,0.951200
3.0960,0.961888
3.0980,0.965887
3.1000,0.967756
3.1020,0.965432
3.1040,0.952660
3.1060,0.965029
3.1080,0.963236
3.1100,0.966497
3.1120,0.963394
3.1140,0.967283
3.1160,0.949966
3.1180,0.956427
3.1200,0.961548
3.1220,0.963018
3.1240,0.974711
3.1260,0.973449
3.1280,0.951711
3.1300,0.963928
3.1320,0.968415
3.1340,0.954773
3.1360,0.959912
3.1380,0.954724
3.1400,0.958979
3.1420,0.968125
3.1440,0.962342
3.1460,0.951365
3.1480,0.956891
3.1500,0.956955
3.1520,0.964802
3.1540,0.962400
3.1560,0.964938
3.1580,0.966672
3.1600,0.959456
3.1620,0.968913
3.1640,0.959085
3.1660,0.966568
3.1680,0.962443
3.1700,0.954687
3.1720,0.965880
3.1740,0.963278
3.1760,0.957862
3.1780,0.961288
3.1800,0.968019
3.1820,0.964449
3.1840,0.964763
3.1860,0.953523
3.1880,0.962778
3.1900,0.974163
3.1920,0.968218
3.1940,0.960027
3.1960,0.957712
3.1980,0.958269
3.2000,0.961308
3.2020,0.960544
3.2040,0.969680
3.2060,0.972537
3.2080,0.958167
3.2100,0.970180
3.2120,0.966187
3.2140,0.963665
3.2160,0.969132
3.2180,0.962422
3.2200,0.952883
3.2220,0.956820
3.2240,0.969511
3.2260,0.958010
3.2280,0.964769
3.2300,0.962338
3.2320,0.960001
3.2340,0.971165
3.2360,0.967458
3.2380,0.961546
3.2400,0.959613
3.2420,0.970253
3.2440,0.964562
3.2460,0.955886
3.2480,0.970018
3.2500,0.965448
3.2520,0.954896
3.2540,0.958666
3.2560,0.974438
3.2580,0.967509
3.2600,0.952876
3.2620,0.961247
3.2640,0.956377
3.2660,0.956805
3.2680,0.956308
3.2700,0.948584
3.2720,0.962258
3.2740,0.963093
3.2760,0.963076
3.2780,0.971228
3.2800,0.945925
3.2820,0.970091
3.2840,0.956413
3.2860,0.960222
3.2880,0.963175
3.2900,0.956883
3.2920,0.955425
3.2940,0.963557
3.2960,0.970735
3.2980,0.960071
3.3000,0.961445
3.3020,0.956771
3.3040,0.955522
3.3060,0.967649
3.3080,0.958300
3.3100,0.958413
3.3120,0.963086
3.3140,0.952648
3.3160,0.956230
3.3180,0.973415
3.3200,0.957416
3.3220,0.962150
3.3240,0.963887
3.3260,0.962018
3.3280,0.961974
3.3300,0.965696
3.3320,0.970818
3.3340,0.953105
3.3360,0.955940
3.3380,0.965993
3.3400,0.970614
3.3420,0.971814
3.3440,0.959932
3.3460,0.963842
3.3480,0.957596
3.3500,0.956430
3.3520,0.961840
3.3540,0.959238
3.3560,0.957021
3.3580,0.956758
3.3600,0.960874
3.3620,0.974758
3.3640,0.965478
3.3660,0.966280
3.3680,0.967616
3.3700,0.949715
3.3720,0.963530
3.3740,0.959944
3.3760,0.960697
3.3780,0.966740
3.3800,0.955878
3.3820,0.975821
3.3840,0.962007
3.3860,0.961698
3.3880,0.951414
3.3900,0.963228
3.3920,0.960820
3.3940,0.958725
3.3960,0.961747
3.3980,0.961419
3.4000,0.960402
3.4020,0.954827
3.4040,0.961792
3.4060,0.961054
3.4080,0.959616
3.4100,0.960956
3.4120,0.957871
3.4140,0.949993
3.4160,0.962095
3.4180,0.965325
3.4200,0.963392
3.4220,0.956107
3.4240,0.966651
3.4260,0.972010
3.4280,0.959721
3.4300,0.964092
3.4320,0.962450
3.4340,0.950900
3.4360,0.959877
3.4380,0.975322
3.4400,0.960816
3.4420,0.954456
3.4440,0.957754
3.4460,0.963612
3.4480,0.959712
3.4500,0.946313
3.4520,0.956110
3.4540,0.965230
3.4560,0.957937
3.4580,0.957429
3.4600,0.957534
3.4620,0.960414
3.4640,0.959581
3.4660,0.963680
3.4680,0.961562
3.4700,0.962141
3.4720,0.957580
3.4740,0.963443
3.4760,0.969468
3.4780,0.969314
3.4800,0.969579
3.4820,0.966299
3.4840,0.950662
3.4860,0.958820
3.4880,0.964490
3.4900,0.959578
3.4920,0.966593
3.4940,0.961985
3.4960,0.956195
3.4980,0.958039
3.5000,0.958290
3.5020,0.975170
3.5040,0.967618
3.5060,0.967848
3.5080,0.958624
3.5100,0.968456
3.5120,0.956443
3.5140,0.956710
3.5160,0.958122
3.5180,0.963254
3.5200,0.951523
3.5220,0.947448
3.5240,0.965618
3.5260,0.959043
3.5280,0.956102
3.5300,0.963157
3.5320,0.950114
3.5340,0.961234
3.5360,0.957241
3.5380,0.957503
3.5400,0.966325
3.5420,0.959026
3.5440,0.966162
3.5460,0.955486
3.5480,0.956149
3.5500,0.969854
3.5520,0.956720
3.5540,0.967392
3.5560,0.949004
3.5580,0.954152
3.5600,0.964331
3.5620,0.961303
3.5640,0.958402
3.5660,0.949398
3.5680,0.963776
3.5700,0.964036
3.5720,0.959077
3.5740,0.953645
3.5760,0.959603
3.5780,0.957594
3.5800,0.957966
3.5820,0.964561
3.5840,0.938643
3.5860,0.946464
3.5880,0.955646
3.5900,0.958530
3.5920,0.953543
3.5940,0.956718
3.5960,0.956728
3.5980,0.964769
3.6000,0.967229
3.6020,0.953332
3.6040,0.968957
3.6060,0.946981
3.6080,0.960049
3.6100,0.947138
3.6120,0.968778
3.6140,0.967836
3.6160,0.960140
3.6180,0.957478
3.6200,0.962548
3.6220,0.955596
3.6240,0.950124
3.6260,0.963340
3.6280,0.959925
3.6300,0.967458
3.6320,0.960693
3.6340,0.968497
3.6360,0.952778
3.6380,0.945260
3.6400,0.952121
3.6420,0.951026
3.6440,0.951350
3.6460,0.967659
3.6480,0.945956
3.6500,0.957595
3.6520,0.953560
3.6540,0.959535
3.6560,0.953433
3.6580,0.958303
3.6600,0.962469
3.6620,0.962650
3.6640,0.956324
3.6660,0.952393
3.6680,0.953635
3.6700,0.952052
3.6720,0.955793
3.6740,0.947232
3.6760,0.940654
3.6780,0.965765
3.6800,0.965728
3.6820,0.964125
3.6840,0.965623
3.6860,0.967884
3.6880,0.965106
3.6900,0.963717
3.6920,0.953076
3.6940,0.968564
3.6960,0.961168
3.6980,0.956438
3.7000,0.962707
3.7020,0.949770
3.7040,0.959917
3.7060,0.957550
3.7080,0.946345
3.7100,0.958032
3.7120,0.944618
3.7140,0.953959
3.7160,0.957915
3.7180,0.971220
3.7200,0.961393
3.7220,0.966331
3.7240,0.943181
3.7260,0.970736
3.7280,0.951106
3.7300,0.965906
3.7320,0.962864
3.7340,0.960356
3.7360,0.956951
3.7380,0.957687
3.7400,0.955934
3.7420,0.961335
3.7440,0.955959
3.7460,0.970929
3.7480,0.952450
3.7500,0.966931
3.7520,0.965915
3.7540,0.966728
3.7560,0.961569
3.7580,0.959207
3.7600,0.967665
3.7620,0.967903
3.7640,0.951900
3.7660,0.964154
3.7680,0.955386
3.7700,0.965033
3.7720,0.968888
3.7740,0.954747
3.7760,0.967297
3.7780,0.972383
3.7800,0.955592
3.7820,0.957001
3.7840,0.956701
3.7860,0.957238
3.7880,0.963543
3.7900,0.955454
3.7920,0.958322
3.7940,0.962003
3.7960,0.947393
3.7980,0.965999
3.8000,0.975496
3.8020,0.970333
3.8040,0.958230
3.8060,0.968156
3.8080,0.954090
3.8100,0.952794
3.8120,0.956438
3.8140,0.957814
3.8160,0.959743
3.8180,0.968653
3.8200,0.967543
3.8220,0.963832
3.8240,0.959732
3.8260,0.961469
3.8280,0.957666
3.8300,0.960586
3.8320,0.968230
3.8340,0.957859
3.8360,0.953516
3.8380,0.954281
3.8400,0.959054
3.8420,0.965459
3.8440,0.951984
3.8460,0.965438
3.8480,0.951433
3.8500,0.953239
3.8520,0.962922
3.8540,0.973483
3.8560,0.949281
3.8580,0.950065
3.8600,0.955407
3.8620,0.962882
3.8640,0.966021
3.8660,0.966352
3.8680,0.961846
3.8700,0.956066
3.8720,0.955683
3.8740,0.965500
3.8760,0.957119
3.8780,0.953759
3.8800,0.957496
3.8820,0.960910
3.8840,0.961023
3.8860,0.970114
3.8880,0.956376
3.8900,0.956970
3.8920,0.961781
3.8940,0.954209
3.8960,0.953122
3.8980,0.960392
3.9000,0.954019
3.9020,0.967243
3.9040,0.965023
3.9060,0.968293
3.9080,0.967542
3.9100,0.971756
3.9120,0.955916
3.9140,0.959969
3.9160,0.959705
3.9180,0.961619
3.9200,0.961566
3.9220,0.968680
3.9240,0.954209
3.9260,0.952731
3.9280,0.961435
3.9300,0.964162
3.9320,0.968392
3.9340,0.958642
3.9360,0.962273
3.9380,0.976361
3.9400,0.963528
3.9420,0.948596
3.9440,0.958754
3.9460,0.967099
3.9480,0.960343
3.9500,0.963991
3.9520,0.963093
3.9540,0.953589
3.9560,0.957936
3.9580,0.964826
3.9600,0.957673
3.9620,0.953950
3.9640,0.960350
3.9660,0.957939
3.9680,0.967228
3.9700,0.961454
3.9720,0.961087
3.9740,0.964402
3.9760,0.963062
3.9780,0.960043
3.9800,0.965315
3.9820,0.969678
3.9840,0.964648
3.9860,0.955606
3.9880,0.960498
3.9900,0.955177
3.9920,0.958516
3.9940,0.962634
3.9960,0.964812
3.9980,0.953200
4.0000,0.952230
4.0020,0.953237
4.0040,0.955191
4.0060,0.954955
4.0080,0.960624
4.0100,0.960368
4.0120,0.970776
4.0140,0.964317
4.0160,0.949763
4.0180,0.965420
4.0200,0.949523
4.0220,0.952390
4.0240,0.959255
4.0260,0.964872
4.0280,0.955537
4.0300,0.968575
4.0320,0.953803
4.0340,0.958599
4.0360,0.959424
4.0380,0.965912
4.0400,0.946096
4.0420,0.965111
4.0440,0.969476
4.0460,0.950145
4.0480,0.959173
4.0500,0.961311
4.0520,0.961919
4.0540,0.951802
4.0560,0.956622
4.0580,0.963351
4.0600,0.958126
4.0620,0.958463
4.0640,0.965026
4.0660,0.953823
4.0680,0.954938
4.0700,0.955979
4.0720,0.977066
4.0740,0.955389
4.0760,0.958833
4.0780,0.964214
4.0800,0.969737
4.0820,0.957159
4.0840,0.955354
4.0860,0.960897
4.0880,0.967242
4.0900,0.955492
4.0920,0.952779
4.0940,0.955270
4.0960,0.958736
4.0980,0.957929
4.1000,0.960632
4.1020,0.961680
4.1040,0.962577
4.1060,0.964492
4.1080,0.969916
4.1100,0.969978
4.1120,0.957351
4.1140,0.966851
4.1160,0.971200
4.1180,0.964313
4.1200,0.965092
4.1220,0.965041
4.1240,0.966949
4.1260,0.961409
4.1280,0.966340
4.1300,0.967543
4.1320,0.958006
4.1340,0.957402
4.1360,0.961548
4.1380,0.956831
4.1400,0.962420
4.1420,0.954803
4.1440,0.955452
4.1460,0.960263
4.1480,0.956000
4.1500,0.957802
4.1520,0.960899
4.1540,0.961763
4.1560,0.951794
4.1580,0.961865
4.1600,0.956029
4.1620,0.960809
4.1640,0.968193
4.1660,0.960751
4.1680,0.961055
4.1700,0.955163
4.1720,0.966127
4.1740,0.955480
4.1760,0.957948
4.1780,0.959019
4.1800,0.959090
4.1820,0.963261
4.1840,0.962702
4.1860,0.955379
4.1880,0.960501
4.1900,0.967778
4.1920,0.968509
4.1940,0.961205
4.1960,0.946935
4.1980,0.957755
4.2000,0.966054
4.2020,0.954712
4.2040,0.964751
4.2060,0.952034
4.2080,0.956203
4.2100,0.953792
4.2120,0.959157
4.2140,0.961903
4.2160,0.954073
4.2180,0.961732
4.2200,0.969363
4.2220,0.955618
4.2240,0.953643
4.2260,0.962595
4.2280,0.969948
4.2300,0.963627
4.2320,0.952772
4.2340,0.949159
4.2360,0.965206
4.2380,0.955160
4.2400,0.965840
4.2420,0.959939
4.2440,0.959297
4.2460,0.943253
4.2480,0.958983
4.2500,0.961806
4.2520,0.947916
4.2540,0.959027
4.2560,0.950132
4.2580,0.951754
4.2600,0.951526
4.2620,0.966195
4.2640,0.962238
4.2660,0.956496
4.2680,0.953850
4.2700,0.953393
4.2720,0.952117
4.2740,0.964974
4.2760,0.954629
4.2780,0.960073
4.2800,0.964559
4.2820,0.963184
4.2840,0.957892
4.2860,0.949025
4.2880,0.957337
4.2900,0.957142
4.2920,0.953919
4.2940,0.959438
4.2960,0.964011
4.2980,0.957465
